<?xml version="1.0" encoding="UTF-8" ?>
<!DOCTYPE mapper PUBLIC "-//mybatis.org//DTD Mapper 3.0//EN"
  "http://mybatis.org/dtd/mybatis-3-mapper.dtd">

<mapper namespace="member">

	<select id="select" parameterType="memberDTO" resultMap="rsMap">
		SELECT *
		FROM MEMBER
		WHERE id= #{id}
	</select>
	<resultMap type="memberDTO" id="rsMap">
		<result property="id" column="id" />
		<result property="pw" column="pw" />
		<result property="name" column="name" />
		<result property="country" column="country" />
		<result property="tel" column="tel" />
		<result property="email" column="email" />
		<result property="userkey" column="userkey" />
	</resultMap>

	<select id="selectAll" resultMap="rsMap">
		SELECT * FROM MEMBER
	</select>

	<insert id="insert" parameterType="memberDTO">
		INSERT INTO MEMBER
		VALUES(#{id},#{pw},#{name},#{country},#{tel},#{email},#{userkey})
	</insert>

	<update id="update" parameterType="memberDTO">
		UPDATE MEMBER
		SET
		pw=#{pw},tel=#{tel} 
		WHERE
		id = #{id}
	</update>

	<delete id="delete" parameterType="memberDTO">
		DELETE FROM MEMBER WHERE
		id = #{id}
	</delete>

</mapper>
