<?xml version="1.0" encoding="UTF-8"?>
<beans xmlns="http://www.springframework.org/schema/beans"
   xmlns:xsi="http://www.w3.org/2001/XMLSchema-instance"
   xmlns:context="http://www.springframework.org/schema/context"
   xsi:schemaLocation="http://www.springframework.org/schema/beans http://www.springframework.org/schema/beans/spring-beans.xsd
      http://www.springframework.org/schema/context http://www.springframework.org/schema/context/spring-context-4.3.xsd">

<context:property-placeholder location="classpath:db.properties" />
<!-- 싱글톤 객체 생성할 것 들 -->
<!-- myBatis -->
<bean id="myBatis" class="org.mybatis.spring.SqlSessionTemplate">
   <constructor-arg ref="factory"></constructor-arg>
</bean>
<!-- myBatis 설정용 객체 -->
<bean id="factory" class="org.mybatis.spring.SqlSessionFactoryBean">
   <property name="configLocation" value="classpath:config.xml" />
   <property name="dataSource" ref="dbcp" />   
</bean>
<!-- dbcp 담당 객체 -->
<bean id="dbcp" class="org.apache.commons.dbcp.BasicDataSource">
   <property name="driverClassName" value="${jdbc.driver}"></property>
   <property name="url" value="${jdbc.url}"></property>
   <property name="username" value="${jdbc.id}"></property>
   <property name="password" value="${jdbc.pw}"></property>
</bean>
</beans>