<?xml version="1.0" encoding="UTF-8" ?>
<!DOCTYPE mapper PUBLIC "-//mybatis.org//DTD Mapper 3.0//EN"
  "http://mybatis.org/dtd/mybatis-3-mapper.dtd">

<mapper namespace="place">

	<select id="selectOne" parameterType="placeDTO" resultMap="rsMap">
		SELECT * FROM PLACE WHERE pname= #{pname}
	</select>
	<resultMap type="placeDTO" id="rsMap">
		<result property="pname" column="pname" />
		<result property="addr" column="addr" />
		<result property="lat" column="lat" />
		<result property="lng" column="lng" />
		<result property="category" column="category" />
		<result property="marked" column="makred" />
	</resultMap>

	<select id="selectList" resultMap="rsMap" parameterType="placeDTO">
	<!-- SELECT * FROM TEST WHERE PNAME= #{PNAME} OR CATEGORY = #{CATEGORY} -->
	select * from place where pname = #{pname} or category = #{category}
	</select>

	<insert id="insert" parameterType="placeDTO">
		INSERT INTO place
		VALUES(#{PNAME},#{ADDR},#{LAT},#{LNG},#{CATEGORY},#{MARKED})
	</insert>

	<update id="update" parameterType="placeDTO">
		UPDATE place
		SET
		PNAME=#{PNAME}
		WHERE
		ADDR = #{ADDR}
	</update>

	<delete id="delete" parameterType="placeDTO">
		DELETE FROM place WHERE
		PNAME = #{PNAME}
	</delete>
</mapper>
