<?xml version="1.0" encoding="UTF-8" ?>
<!DOCTYPE mapper PUBLIC "-//mybatis.org//DTD Mapper 3.0//EN"
  "http://mybatis.org/dtd/mybatis-3-mapper.dtd">

<mapper namespace="visited">

   <resultMap type="visitedDTO" id="rsMap">
      <result property="mid" column="mid" />
      <result property="pname" column="pname" />
      <result property="images" column="images" />
      <result property="vid" column="vid" />
   </resultMap>

   <select id="selectList" resultMap="rsMap" parameterType="visitedDTO">
      <!-- select * from "visited_list" where mid = #{mid} -->
    SELECT DISTINCT pname, mid, "images" , vid From "visited_list" WHERE mid = #{mid} order by vid desc
      
   </select>
   
   <insert id="insert" parameterType="visitedDTO">
      INSERT INTO "visited_list" VALUES(#{mid},#{pname},#{images}, auto_incre.NextVal)
   </insert>

</mapper>